,ID0,Date0,ID1,Date1,ID2,Date2,ID3,Date3,ID4,Date4,ID5,Date5,ID6,Date6
0,0_jedi_wars_luke_movie,"['jedi', 'wars', 'luke', 'movie', 'film', 'more', 'all', 'there', 'way', 'star']",1_jedi_rebels_empire_wars,"['jedi', 'rebels', 'empire', 'wars', 'episode', 'star', 'anakin', 'titan', 'ezra', 'more']",2_spiderman_spiderverse_venom_movie,"['spiderman', 'spiderverse', 'venom', 'movie', 'scene', 'had', 'all', 'why', 'into', 'this']",3_jujutsu_gojo_kaisen_toji,"['jujutsu', 'gojo', 'kaisen', 'toji', 'copyright', 'anime', 'okkotsu', 'fight', 'geto', 'more']",4_jedi_star_movie_order,"['jedi', 'star', 'movie', 'order', 'video', 'wars', 'all', 'scene', 'get', 'disney']",5_anime_luffy_pirate_piece,"['anime', 'luffy', 'pirate', 'piece', 'netflix', 'manga', 'pirates', 'live', 'crew', 'character']",6_whiplash_saul_scene_jesse,"['whiplash', 'saul', 'scene', 'jesse', 'jimmy', 'goodman', 'walter', 'walt', 'criminal', 'breaking']"
1,4mdL9QYEjVc,2023-09-26T02:54:39Z,M2cckDmNLMI,2022-10-25T13:00:11Z,uVQDvcgRtGU,2022-05-23T21:13:04Z,YB2vrOXoYtI,2021-08-10T10:04:27Z,AOBbK2digI8,2023-08-01T09:23:58Z,WE5X8b9BZZM,2023-09-26T03:24:28Z,g3Dk7u-m9NU,2023-08-23T05:49:58Z
2,yuozW1tQiMc,2023-09-26T00:23:08Z,7HOLXHNpp70,2019-07-04T23:41:51Z,7CB5KpGynM4,2022-11-05T05:28:59Z,ziIUVLGyZ4I,2023-07-21T02:33:31Z,MUf80-Vm0R8,2023-09-21T16:54:23Z,qqZcuEoqJbU,2017-07-27T10:02:26Z,oeYoUN-Mi1o,2019-11-06T20:00:04Z
3,PKzBfPd6MOU,2023-09-25T19:00:19Z,EsjwVu_ihKU,2020-04-24T19:10:15Z,YcNJlG8-70Y,2022-05-03T04:10:01Z,QEYwIgxySkM,2023-08-28T17:55:20Z,ylS_hIha_gw,2023-09-22T15:29:24Z,XFjXxCoqJus,2023-05-13T07:35:14Z,YuMMYVu6vdE,2019-11-29T20:00:05Z
4,g0-4L2HGgxE,2023-09-25T03:17:09Z,_4zwVp9M1n4,2023-09-18T14:30:16Z,NAN9Omc3428,2022-05-09T11:09:04Z,CBNy4XJLN-I,2023-09-21T16:09:14Z,EneC23krrrM,2018-04-14T07:16:23Z,_d5K5megPlg,2023-09-07T11:31:31Z,2R-MrgvLbCQ,2020-05-27T01:50:53Z
5,NQ07VT0xR1w,2023-09-24T00:00:10Z,EeeijzpQT60,2017-02-21T22:23:54Z,5U811mgRbu4,2018-12-16T10:19:59Z,qlMdC9k3180,2023-08-10T21:35:25Z,tYW-ltrCq-c,2023-09-01T21:11:24Z,xmILSoHMIa8,2021-06-01T05:43:30Z,dduNzLGyFtw,2022-01-28T08:18:27Z
6,8NFYXxb2fwo,2023-06-15T18:55:53Z,RkJ2n0QsXQ0,2023-09-22T12:46:44Z,S4rNWqzwRTM,2023-06-11T13:33:29Z,4v57DsWoP0E,2023-07-20T23:25:12Z,iqFI4w4DR5s,2013-09-19T07:36:34Z,Q5aGSRSVlSU,2017-10-04T19:15:15Z,jvlEqAjg8aU,2012-01-08T00:33:47Z
7,hGbhiis5HY8,2023-09-19T17:29:47Z,T-bbESXLEyo,2021-12-18T19:09:46Z,a7N_Gyxx9Co,2023-06-06T20:20:23Z,cisJmJo5TpQ,2023-07-28T14:23:03Z,VWIYb_5B3iU,2020-11-17T19:01:00Z,GL_87pxeBNs,2023-07-10T09:32:41Z,rArzMrhTxF8,2018-08-13T21:44:41Z
8,CU22gTiKosE,2023-07-14T15:00:08Z,ovpoeTWNOXI,2023-09-20T03:05:22Z,zbh79fTG9LA,2023-08-14T00:16:02Z,T3in1O6FLf8,2023-07-21T13:45:23Z,1sMrfKJIgW4,2021-03-12T20:39:17Z,94w9FF2hQUs,2023-08-30T10:02:41Z,2aaubVlhNK4,2009-09-02T05:16:38Z
9,_15YSN591JY,2023-09-24T21:00:12Z,iqWDg6W74cI,2023-09-21T21:00:19Z,uvbSNXNQ0DE,2023-09-13T18:43:59Z,jKeBRGy_DhM,2020-12-03T13:16:17Z,dcfV6yUUMhs,2015-08-04T08:47:18Z,sFa53IZHwTc,2020-08-03T13:12:38Z,M3k0xu5VoT8,2022-06-13T07:40:54Z
10,JY7szjxkTwU,2023-06-28T15:15:01Z,qQHqf6dFqOY,2015-04-16T08:09:25Z,_OhNe-VN_eE,2022-06-01T18:10:10Z,vYtJEj0z_og,2022-09-23T01:37:17Z,RvamRJvAB2U,2015-12-31T11:11:06Z,jMKPYg0uhCI,2021-08-21T11:00:09Z,yMaiKjsAhIM,2012-05-07T02:25:40Z
11,GUL6UBwn-5I,2023-09-23T19:00:07Z,ALn3wo7GL_4,2022-07-12T07:59:40Z,C2Og97q3Qj8,2021-06-29T04:37:23Z,762KMhk0i-Y,2023-04-05T18:23:04Z,kfhbUirIB_E,2022-01-09T00:02:18Z,cfrcuQpb7QE,2023-09-03T18:00:02Z,HnhnAbzbQb4,2015-03-31T13:47:58Z
12,WG_yfOSdwJA,2023-09-22T17:00:32Z,iIQUrrbNW_Q,2014-01-24T15:14:05Z,6Zsf3j_GOI0,2021-09-01T23:20:02Z,901o9QSXqAA,2023-08-11T15:05:17Z,rvDR0iZYrek,2023-09-13T02:36:50Z,w5j5WxLRXYY,2023-09-01T07:08:19Z,vYYmVfLpIZM,2021-07-16T15:30:15Z
13,yGmnbqsAPmk,2023-09-23T21:37:33Z,Qc9rFoichOI,2021-05-23T07:00:15Z,2XjrOPH9d14,2021-06-29T07:00:37Z,5xZ4_r_TMFM,2022-10-03T04:08:55Z,CK5vWgib5Fk,2015-03-12T14:52:33Z,ftT0nqcpTOE,2023-09-02T06:30:19Z,l7AoABgmC4k,2018-06-22T08:23:15Z
14,ZoyOu2VRo0A,2022-11-09T23:13:07Z,nIgTOV5vwN8,2023-09-18T18:57:29Z,tvDmruktCT4,2022-05-31T13:25:42Z,4Jt78n_A7jM,2023-07-28T15:19:02Z,GwKcz06ej-0,2023-09-13T02:19:49Z,kPPqkOUBUa4,2023-09-02T09:51:14Z,NTFpvas4jpM,2021-01-28T15:13:22Z
15,tDpT_y-sU4o,2023-09-23T01:31:59Z,fpKk-slhau8,2017-03-25T09:29:58Z,_EulX27NCyA,2023-04-09T15:57:43Z,llzP2o8xzjE,2023-07-27T23:46:28Z,T-G_2dRBC_U,2017-01-02T16:10:22Z,b-zdsLmW0wE,2023-09-13T16:00:10Z,wvJiYrRcfQo,2009-03-30T11:18:38Z
16,rt3Fd4t2ZpA,2023-06-14T20:36:13Z,bX5N1r_dn_s,2016-10-15T16:21:57Z,QhkLa13JmoM,2022-11-06T02:28:08Z,T3in1O6FLf8,2023-07-21T13:45:23Z,w1Vg338Q6bE,2020-11-23T16:48:35Z,Av7XMTdTwFE,2022-08-29T18:18:19Z,qolk_rDA9xU,2012-05-18T03:27:44Z
17,vuvs9wDHIwQ,2023-09-22T22:23:50Z,Ov_X9we-z3I,2022-12-10T01:28:28Z,UxMUIkENKaY,2023-03-07T15:17:44Z,9xnSDHDW5QQ,2022-12-12T09:12:43Z,A_6Z630T-hY,2017-03-17T17:00:01Z,AaUcgtfATiE,2023-08-31T12:53:59Z,miVoe7U6Lx4,2009-10-26T02:55:44Z
18,eWSOOyy_hN0,2021-08-08T16:00:15Z,GiMiWes-hXk,2018-03-06T12:00:00Z,_LFbSz35oRY,2021-12-27T13:07:50Z,4YIX9YGAV3Q,2023-09-25T03:26:24Z,Barb3mjBbTo,2020-09-08T17:56:00Z,mr8sz78qqsQ,2023-09-01T20:40:30Z,tRLYNpNjG_Q,2013-07-17T20:49:40Z
19,DOFCkQPU7xE,2023-09-22T19:27:35Z,Rb-IgGPKdNA,2023-09-20T02:45:26Z,XxObcVn1DMQ,2022-06-13T17:31:29Z,58JwbQCnpmA,2014-01-24T15:10:19Z,wLqCgRK_NMI,2020-01-20T22:50:55Z,p385oLW0TXw,2010-10-16T13:26:48Z,HGyPTzV3lAM,2009-11-08T09:21:30Z
20,4_5SDlElOK8,2023-09-22T22:54:16Z,GU2EUH3S2Zc,2021-02-16T06:54:25Z,Wl6COOA3V6Y,2019-03-01T17:48:53Z,NBShsJg1Iq4,2021-11-01T21:24:27Z,jGQ2Bgy8hM4,2023-09-06T21:17:33Z,Flysqk6WfQE,2023-08-31T07:00:04Z,HQOKDfnJvUE,2020-01-31T06:15:00Z
21,tCyWEpxvusE,2023-09-22T21:00:26Z,GYocoMJIrPA,2016-01-18T22:02:52Z,n-9AmU8wzy8,2019-02-23T16:23:41Z,58JwbQCnpmA,2014-01-24T15:10:19Z,uNuwXM2of74,2020-11-27T16:46:52Z,i9mci2uWBjg,2023-08-15T23:00:00Z,lLLZ8rTvHoA,2023-01-18T21:54:00Z
22,8AeTF5DHPQY,2023-09-21T14:00:05Z,YoaUjUCQbMo,2017-03-25T12:04:35Z,oTqfCEHwElE,2021-10-08T22:04:03Z,jRS2Aoln6ng,2021-10-12T04:24:24Z,6sofb5yiYkA,2022-02-02T16:27:15Z,TSXlA6ynZv0,2023-08-31T07:00:03Z,_5-twspBpDw,2022-08-22T09:15:18Z
23,K9HGmIU30CQ,2023-09-22T19:00:09Z,FQRW0RM4V0k,2013-04-09T16:44:18Z,-r6YCWh-URg,2021-07-10T13:02:32Z,ow1vKTGY43M,2021-07-14T17:00:48Z,Ft3zSjzRE7M,2020-11-28T20:34:59Z,MEVCkpveDGE,2023-08-31T07:00:03Z,1Rb0ZgYq8-w,2022-08-20T23:53:31Z
24,qtat_I_Lul8,2023-09-21T21:00:26Z,xBbGmkMGyok,2011-02-24T23:06:09Z,NAN9Omc3428,2022-05-09T11:09:04Z,VBGNAJyFDqQ,2021-05-15T20:42:10Z,Sg0rXa1WnZc,2019-11-15T21:27:39Z,qis5zUBA_sk,2023-08-25T07:00:00Z,YFSG5F89VyM,2020-04-19T00:03:38Z
25,Xc0U_TGde3k,2023-07-11T19:01:30Z,BvBXZ4rT3Dg,2019-04-16T21:03:31Z,9FjGP4t2zKY,2013-09-09T20:38:46Z,7EN1cDGu2XQ,2021-01-16T19:00:21Z,9CBx1JwB6XI,2021-01-09T20:33:44Z,XqFC5afCcr8,2023-08-31T12:27:30Z,gbuq3vTy2IY,2011-09-07T10:54:25Z
26,jDxv0QvYeC4,2023-09-20T12:57:26Z,IlR7ROraahU,2021-07-14T10:10:29Z,0rlS80hRIVQ,2021-10-27T18:27:46Z,g1QJoSgNhjY,2022-09-24T19:04:17Z,_6a28ZAMKmI,2017-03-16T20:27:45Z,BGxnF-nWoUM,2021-02-25T03:03:55Z,rm--inJtnc4,2020-01-07T18:00:11Z
27,o_vFyIV3XEU,2023-07-13T15:00:30Z,_4CvAS1KZ9Q,2016-09-07T15:19:23Z,-WOonkg_ZCo,2023-06-02T04:00:00Z,yEHLfuVSqr4,2022-09-22T02:13:10Z,ccSSCAsqyGk,2020-05-01T09:14:33Z,XLxpy-uXDT8,2023-09-19T15:30:15Z,yUpbOliTHJY,2008-03-18T14:21:15Z
28,8AeTF5DHPQY,2023-09-21T14:00:05Z,9z5YaPvL0lI,2023-09-22T17:02:28Z,P-X-iHTe5PI,2023-06-02T04:02:52Z,PI9evQUz-xM,2022-10-15T21:36:18Z,Dj1JA1ZcSGQ,2023-09-20T14:44:07Z,jMKPYg0uhCI,2021-08-21T11:00:09Z,5u8vd_YNbTw,2018-09-25T05:13:59Z
29,T4ESQuInLNg,2015-12-17T09:32:18Z,qPIomlHPHiA,2023-09-18T16:00:43Z,EAosY9etkEE,2023-06-01T10:00:09Z,K3_I_KNh2c4,2023-09-21T20:03:24Z,kT63fv8eTA4,2019-12-21T19:06:03Z,v9zpIEoA7iU,2023-09-08T12:10:51Z,IAXV1RpTbdc,2023-01-24T08:47:18Z
30,0gGa2yfxYr4,2023-09-01T15:41:08Z,ca-e5MrVbVU,2017-03-31T19:47:13Z,IK2-hORVl80,2020-12-10T19:42:18Z,OHZALxhttAk,2016-03-25T15:36:30Z,FgRl7D3SnP4,2023-09-20T04:21:34Z,EqjFFeJAv0U,2023-09-08T11:19:50Z,V6WHnCDPuho,2022-02-11T22:35:59Z
31,A-sjWEnpyxM,2023-08-25T15:17:43Z,rw3qfJHruGM,2019-10-19T22:30:42Z,GV4zXkmHpPI,2013-08-20T04:25:09Z,SYGo37RAYJQ,2018-02-13T15:43:12Z,tnyCjbnAPHw,2021-11-04T20:58:52Z,1GKSNHqcOLI,2023-09-15T16:00:02Z,jjYXNonafzo,2021-05-28T15:30:06Z
32,BLDl_a-IwuI,2023-09-22T03:12:06Z,Dm2qng5aWnM,2023-09-21T17:30:02Z,GXLUQWCrj2M,2022-11-25T14:31:09Z,pLpEC2dzJUM,2018-02-18T15:18:44Z,NEjHoiwzI7g,2023-07-18T20:37:39Z,aGgw6HezmVk,2023-09-10T14:16:27Z,Y8GwUrZNAzE,2022-06-13T17:00:27Z
33,8p-IltZyEek,2023-05-07T06:16:45Z,jOaogg58LcM,2020-06-20T15:58:56Z,wtcyuDMIlfY,2019-07-07T13:39:31Z,acLuZ09Ipyc,2018-02-11T12:23:47Z,bK-09Tce2s8,2015-09-24T18:42:03Z,IcD7s-rma5E,2023-09-03T04:42:58Z,pKYeAN-_wFI,2019-08-30T19:30:01Z
34,0ljppgi3H7o,2023-09-22T01:32:59Z,Gs069dndIYk,2013-01-12T03:44:55Z,vj0z0m-gdiM,2022-04-06T10:33:39Z,oSAs9by8Qy8,2022-07-25T12:50:52Z,nJSxxaGNJPM,2022-01-19T02:04:17Z,q0-7Uf3XxM8,2023-09-10T16:36:10Z,kunUvYIJtHM,2015-11-17T22:57:36Z
35,wp8nD5Rl8yw,2023-09-21T14:41:51Z,G0UMAAq6pxQ,2023-09-21T19:00:06Z,CzVlkLmyFl0,2022-04-28T10:11:29Z,pfevBIsVG1o,2011-11-19T19:03:11Z,USujlAOPKDU,2016-09-25T02:32:31Z,MCb13lbVGE0,2023-08-05T19:26:02Z,FuVgK5XCq4I,2023-03-10T09:09:54Z
36,bmtpZFi_Rgo,2023-09-21T17:00:32Z,GjxTx-xPrds,2018-07-27T17:48:20Z,SrEw3kPqJMA,2022-04-27T21:01:58Z,x5W2YPKH9XE,2018-02-11T12:23:35Z,SOD2AnYhoBk,2021-01-14T20:22:53Z,hTZXDZDGwtE,2023-08-31T11:20:31Z,WbliHNs4q14,2019-12-30T20:33:14Z
37,P1KYTOu3t2E,2023-09-21T22:38:32Z,pieaXwUxPRY,2011-12-09T15:38:31Z,x7Krla_UxRg,2022-01-18T03:00:07Z,oC6zXh0CTq4,2023-09-20T00:00:31Z,nOj6R4Yjkqk,2015-03-23T20:14:08Z,mr8sz78qqsQ,2023-09-01T20:40:30Z,,
38,fxiV1uqdvVU,2023-09-21T13:00:38Z,4TvTjTO2hAI,2017-06-30T14:25:46Z,t0hORlkZ51w,2022-05-01T17:55:38Z,bsWX85MX6Tg,2018-12-31T17:42:37Z,Xi3bMERbbOA,2016-03-03T03:12:28Z,,,,
39,eaLmMKei2O8,2023-09-20T19:00:30Z,Q0U13L32WlI,2019-02-10T02:28:35Z,OTLmD2kFDm0,2017-12-31T07:25:04Z,5PVn7W0svgE,2020-04-27T16:29:24Z,1OO9Lyb-Frg,2021-01-08T01:06:27Z,,,,
40,BsXLCRZhpVI,2023-09-21T15:00:09Z,pGjK_UhOCnI,2017-03-25T10:30:02Z,ZB8DUER4fmQ,2023-09-22T16:00:34Z,VBGNAJyFDqQ,2021-05-15T20:42:10Z,f9vAdiqIOoE,2018-04-19T17:01:23Z,,,,
41,JlAwl1twEdg,2023-09-20T21:00:07Z,2PjCClrO5SA,2017-03-21T15:07:12Z,LxuNqJGbRr4,2023-09-06T17:47:52Z,UAzL7nPtZW8,2020-06-13T22:47:31Z,kvwNgtAR8cE,2017-07-29T20:00:15Z,,,,
42,iQn_Ljipfnc,2023-08-25T17:00:23Z,-xdYF-vFxH8,2021-09-08T16:52:47Z,95j9m8tmN1Q,2023-09-20T01:53:43Z,VH06ijLc2EM,2018-06-06T19:26:06Z,_6a28ZAMKmI,2017-03-16T20:27:45Z,,,,
43,XUbBJXRobJY,2023-09-20T18:52:32Z,YGahHr5WWow,2023-09-20T19:53:14Z,F63oeBIqoUw,2021-12-17T22:06:55Z,FVWr249AUq4,2018-05-03T10:00:09Z,bgISq88coX0,2022-05-04T17:32:48Z,,,,
44,PIAnZ-F6Inw,2023-09-20T20:21:24Z,K44V7Pc-vfw,2017-05-09T15:55:25Z,h7jPkpQYZtE,2023-06-14T05:15:42Z,vAM80pXTjYQ,2011-11-09T15:21:04Z,ax0zcHeekmY,2020-05-07T16:00:20Z,,,,
45,shHkJVHFFAk,2017-03-19T22:52:34Z,4F7t1wCnJpw,2020-08-31T13:53:00Z,_SgmmUKlePI,2023-08-23T02:22:02Z,aD3F5CoIcG8,2020-05-04T23:00:15Z,qgERV61xRhw,2022-06-08T10:55:30Z,,,,
46,jeG215-yu-k,2017-03-19T04:00:01Z,zABvoW8YKs0,2022-10-29T21:52:59Z,PA-L2RBb0Uc,2023-09-20T20:04:30Z,8xi7GuFpRF8,2019-08-12T19:05:06Z,TyeBRRbb7Ds,2021-10-23T17:00:29Z,,,,
47,Wh16h80R5RY,2020-05-25T00:37:56Z,hJP5GqnTrNo,2023-05-01T15:26:57Z,jYzlSZaFK-w,2023-09-20T02:33:34Z,-llZBzbTW0A,2022-07-25T16:00:13Z,rPNrHN83Bdk,2019-06-01T20:32:43Z,,,,
48,MB2TU38J_qc,2023-09-21T00:00:07Z,wxL8bVJhXCM,2017-03-20T19:45:00Z,BAr9do1m9xw,2023-09-20T03:06:06Z,PhKTJv-QZGQ,2022-05-25T14:02:49Z,L-dhD7iLjVk,2012-12-30T23:56:59Z,,,,
49,KAjU4bT5LBI,2023-08-25T12:04:23Z,hS57I6swXcc,2015-12-08T01:41:32Z,7tz8Cfy8GdM,2023-09-20T04:31:25Z,pCqnZDjTokI,2023-09-19T23:13:23Z,A9aa3GhIeRY,2021-03-24T21:00:02Z,,,,
50,k_hNAtdWcYA,2023-09-20T15:00:41Z,Yw3XV3ZdCMI,2023-09-20T03:02:59Z,Ji7s_mcz7_g,2023-09-20T03:14:34Z,aD3F5CoIcG8,2020-05-04T23:00:15Z,u1pAIaw_y38,2015-09-23T17:04:43Z,,,,
51,xwfgLcXHXzQ,2022-06-30T15:16:44Z,fOzs2faPBi8,2023-09-20T03:41:15Z,Pm3lA3DKMGE,2023-09-19T22:00:11Z,7SqTR0DorSw,2008-05-27T13:53:02Z,-jPVUl693JU,2015-10-01T11:52:43Z,,,,
52,mHFOg82r6uU,2022-02-06T11:27:45Z,ovpoeTWNOXI,2023-09-20T03:05:22Z,exdrZa-k0GY,2018-05-04T15:00:54Z,ucnfed15b5U,2019-02-10T12:28:53Z,j1gZPV99Wjk,2022-07-28T14:47:08Z,,,,
53,JOD_g1UvCzg,2022-06-30T23:05:59Z,cPznnh_HZqk,2017-01-14T15:23:00Z,SyIVY7Hl46E,2023-08-08T23:29:12Z,nUyO9X4jsno,2022-05-29T14:07:48Z,lsH9avNA-B0,2021-10-29T00:02:28Z,,,,
54,3IxFOwC0bwQ,2023-09-20T21:30:01Z,japjtJPfby4,2018-03-06T11:30:01Z,1bAxYmFpIiU,2023-09-18T17:04:53Z,utmqObD6_ds,2023-02-18T12:31:37Z,IOX4kYWLJFk,2023-04-27T00:44:11Z,,,,
55,e9w3AQR90JE,2023-09-20T12:46:12Z,51gcEVBd6i8,2016-12-03T21:54:31Z,cEfEJiRGCys,2021-03-30T20:15:12Z,x7SW96LdeCw,2023-09-03T12:00:45Z,8EBCmJJOeF4,2023-04-27T17:00:32Z,,,,
56,jDxv0QvYeC4,2023-09-20T12:57:26Z,VSa6xIFuhXg,2023-09-20T02:23:01Z,fgUpx6aXV_Q,2023-09-17T11:00:27Z,2IcJNyqJpCo,2021-05-14T18:55:51Z,WN2zIyMdGrE,2023-04-29T01:24:40Z,,,,
57,o_vFyIV3XEU,2023-07-13T15:00:30Z,ovpoeTWNOXI,2023-09-20T03:05:22Z,X6_ltdG-y-M,2021-09-28T16:00:13Z,GP9qr-jzMGQ,2021-09-03T13:30:09Z,u_VUdbT4jHI,2023-05-07T13:00:45Z,,,,
58,Xc0U_TGde3k,2023-07-11T19:01:30Z,GB-TzzlTM1U,2017-03-23T14:03:39Z,GU0PaCBIqsw,2023-07-05T18:08:26Z,Ug2o21xwOps,2021-07-11T06:18:21Z,y7pS-4pH34I,2020-06-12T18:21:14Z,,,,
59,yVDiLwAL9Eg,2023-09-18T17:00:27Z,YoaUjUCQbMo,2017-03-25T12:04:35Z,wzPnDfJSiTk,2023-08-01T07:43:34Z,oRb_lOzfzWU,2023-09-15T13:43:05Z,gT5efOp2JGY,2023-09-01T03:31:21Z,,,,
60,5JRMaP4RSGE,2023-04-11T02:00:01Z,VlRQYGrM4Do,2022-07-14T19:25:15Z,QtPkSH8q9Pg,2023-07-06T17:54:54Z,V_tDcQPfqWk,2023-06-09T23:02:21Z,SFHgE8kuPTs,2020-03-24T16:00:20Z,,,,
61,ELxykoy4NTM,2023-04-08T00:07:18Z,SyjFH2SQxmo,2023-09-20T02:09:45Z,WaIDW8bPrcQ,2022-01-06T15:02:42Z,xU-J0nnIIww,2023-06-06T18:00:02Z,jBxYZqLLmM4,2018-11-23T16:00:12Z,,,,
62,itdfe5yQ0Hg,2020-03-29T13:46:52Z,_6nE2v9iy0U,2023-09-20T02:29:38Z,Fbn0LlMSvy0,2023-08-11T09:30:38Z,DKtxjf4leNg,2023-06-12T17:08:49Z,cxFqbLxoCPA,2023-09-17T02:47:39Z,,,,
63,IISUpmzfDD0,2018-01-12T03:33:05Z,OXxzp7Ajn-0,2023-08-30T15:17:47Z,WyZFqXTj40o,2023-09-15T15:00:32Z,7sYGG6SdeQc,2023-09-04T06:48:59Z,XMdDXitvQig,2017-06-09T00:25:38Z,,,,
64,tr2OS8-DhVE,2023-09-20T04:41:34Z,9KZPHeH-4DI,2020-10-05T18:02:51Z,PKk7JrzRAoI,2023-06-16T00:48:51Z,y6y0Dhj783w,2021-03-02T09:20:43Z,5oJPF_OirTQ,2023-09-13T02:49:02Z,,,,
65,CiOUof7lPgw,2023-09-20T08:40:26Z,dLN_kJjQJwM,2023-08-29T13:01:00Z,Bn1VQvWhjp8,2023-06-03T16:24:05Z,,,,,,,,
66,TolhX9DSJY4,2023-09-20T12:52:15Z,LXsYcdXaa7I,2020-08-08T14:30:08Z,xEJVgZzl9ic,2023-06-20T20:09:06Z,,,,,,,,
67,5hrtHu5uaLA,2023-09-20T17:00:04Z,67h8GyNgEmA,2014-01-24T15:09:54Z,OrNo5Vs2UiA,2019-02-20T03:50:26Z,,,,,,,,
68,-KWagomecms,2023-09-20T16:30:39Z,SA0xR1wMVO4,2018-10-27T19:30:28Z,SDFQnkKLIkw,2023-06-18T10:35:24Z,,,,,,,,
69,3iHpnalK2rE,2023-09-20T18:26:07Z,xRvcnOz-UWg,2018-11-11T15:14:55Z,n9nRzAjyqHQ,2023-09-16T18:24:18Z,,,,,,,,
70,0wZ6MLfOq3g,2023-09-20T04:07:34Z,ldLfyr3SJIw,2018-11-15T17:00:11Z,HAYrXDrGb9M,2020-01-24T00:36:39Z,,,,,,,,
71,EmABso6rgqM,2020-12-21T19:25:40Z,zYP1Dqs_yT0,2018-12-03T11:12:36Z,0wdDg6jcmmI,2023-08-10T07:00:02Z,,,,,,,,
72,5CdTI1ytAsE,2023-01-14T01:15:19Z,gAD-VPpb1fo,2023-07-18T18:00:14Z,2fHJkMiglRc,2023-06-01T05:56:43Z,,,,,,,,
73,RkTibALwfNg,2023-01-29T18:53:02Z,Nlk8BaczaZY,2023-09-18T18:15:06Z,YkjRkzKCl1Q,2023-08-16T21:35:55Z,,,,,,,,
74,VjV0GiFcAms,2023-09-18T15:00:24Z,jZ03r_P2f90,2023-01-17T23:36:05Z,LwhzFa5n8Vc,2023-08-18T14:45:04Z,,,,,,,,
75,asqzvQEXBIU,2023-09-19T04:03:54Z,LVWsB0q8Sxs,2012-06-20T01:05:29Z,dt-iLuuCejU,2023-07-12T00:00:21Z,,,,,,,,
76,o8KVW39YLso,2022-05-16T17:06:11Z,gftp3BxDGtI,2023-09-18T13:00:36Z,_EulX27NCyA,2023-04-09T15:57:43Z,,,,,,,,
77,Gbwi1igh904,2020-12-15T07:38:44Z,Bfbbfo6I0Jg,2021-12-07T03:05:42Z,Tm4az9KY9gc,2021-08-05T23:51:27Z,,,,,,,,
78,9IunwCjg3RA,2022-08-15T20:00:03Z,KAHLwAxS7FI,2016-01-10T21:09:27Z,k-rRvbFxYGY,2012-11-19T16:26:07Z,,,,,,,,
79,DKzMmqydDZY,2023-09-18T19:00:05Z,AnT_Ou8Xyfw,2017-03-23T14:03:39Z,tvDmruktCT4,2022-05-31T13:25:42Z,,,,,,,,
80,HD5k6goPWVI,2023-09-11T01:38:34Z,bjQRTFX1Lp4,2014-01-24T15:05:21Z,UxMUIkENKaY,2023-03-07T15:17:44Z,,,,,,,,
81,yFnMMzqjYGw,2018-02-02T16:17:23Z,mNLvPN1k6M4,2011-04-16T04:48:53Z,1XvWlszSL9Y,2023-09-15T08:59:26Z,,,,,,,,
82,0528-TlRODI,2020-01-08T16:00:28Z,r7Q7gybIEjE,2023-09-16T16:00:37Z,SSyKgABIo0Q,2023-07-03T15:27:58Z,,,,,,,,
83,qPFZL8hO_BE,2022-04-01T16:00:14Z,SWwFogRQVnk,2020-05-01T04:55:05Z,,,,,,,,,,
84,o0AVhG7WKFE,2023-09-18T19:05:44Z,Sg14jNbBb-8,2017-01-12T21:47:35Z,,,,,,,,,,
85,m5uayeTCYJQ,2020-09-04T13:00:10Z,Af_NUZ1Gp6s,2022-09-30T12:21:29Z,,,,,,,,,,
86,nIQkVChm_jA,2023-08-23T17:11:43Z,BitkjbTnjKU,2017-03-23T14:03:39Z,,,,,,,,,,
87,FeGiLio908A,2023-09-12T00:00:09Z,8H1gx2-WK4s,2014-07-10T11:57:45Z,,,,,,,,,,
88,AnqMXvNmrnQ,2023-08-31T02:22:25Z,LlFPavwHmxk,2020-04-10T12:15:00Z,,,,,,,,,,
89,bvh2nlqpTYw,2022-07-27T16:43:10Z,aBHLvNrZh9Q,2015-09-12T21:44:57Z,,,,,,,,,,
90,AqlJkEL_Alw,2023-04-10T19:01:00Z,B-B1sink-nY,2015-09-07T01:17:14Z,,,,,,,,,,
91,D8ZFazTpbcg,2023-09-17T21:00:07Z,Ak516vtDTEA,2008-10-21T19:04:11Z,,,,,,,,,,
92,Xt9GKLOqrZI,2023-09-05T03:53:57Z,H3J0kcEeylk,2018-01-21T01:07:25Z,,,,,,,,,,
93,1aGtkXWyDzU,2023-09-06T22:25:18Z,nGBKm9mwDAg,2020-09-26T14:33:05Z,,,,,,,,,,
94,ZmWOAbXkeWw,2023-08-30T04:12:06Z,lD_ag67tH3I,2014-01-24T15:06:40Z,,,,,,,,,,
95,n2vlJLEo2D4,2023-09-17T20:00:11Z,_llYRNz5ndI,2023-08-14T13:00:24Z,,,,,,,,,,
96,-vNTl6p1gXI,2023-09-11T03:53:49Z,gesH95ztObc,2023-01-27T08:59:09Z,,,,,,,,,,
97,rt-47Tnz_AM,2023-07-13T16:00:09Z,,,,,,,,,,,,
98,fE2NXo7zZg4,2023-09-14T19:00:16Z,,,,,,,,,,,,
99,RlDNFAKpoVA,2023-09-16T13:47:24Z,,,,,,,,,,,,
100,BPC-VIDwMX0,2023-09-16T19:00:04Z,,,,,,,,,,,,
101,GBJCZiA6j2I,2023-08-31T18:12:02Z,,,,,,,,,,,,
102,rbnqbR58X1M,2023-09-16T18:00:30Z,,,,,,,,,,,,
